{
    "name": "MsgPack",
    "keywords": "msgpack,serial",
    "description": "MessagePack implementation for Arduino (compatible with other C++ apps)",
    "repository": {
        "type": "git",
        "url": "https://github.com/hideakitai/MsgPack.git"
    },
    "authors": {
        "name": "Hideaki Tai",
        "url": "https://github.com/hideakitai",
        "maintainer": true
    },
    "version": "0.2.16",
    "license": "MIT",
    "frameworks": "arduino",
    "platforms": "*"
}
