{
    "name": "MsgPacketizer",
    "keywords": "serialize,msgpack,serial",
    "description": "msgpack based serializer and deserializer with packetize for Arduino and more",
    "repository": {
        "type": "git",
        "url": "https://github.com/hideakitai/MsgPacketizer.git"
    },
    "authors": {
        "name": "Hideaki Tai",
        "url": "https://github.com/hideakitai",
        "maintainer": true
    },
    "version": "0.2.19",
    "license": "MIT",
    "frameworks": "arduino",
    "platforms": "*"
}
